ds,trend,yhat_lower,yhat_upper,trend_lower,trend_upper,additive_terms,additive_terms_lower,additive_terms_upper,yearly,yearly_lower,yearly_upper,multiplicative_terms,multiplicative_terms_lower,multiplicative_terms_upper,yhat
2020-01-06,152.08941,143.3506969094506,173.40805020393663,152.08941,152.08941,6.121634387262439,6.121634387262439,6.121634387262439,6.121634387262439,6.121634387262439,6.121634387262439,0.0,0.0,0.0,158.21104438726243
2020-01-13,152.08539076483515,142.58943582153685,173.3130583174536,152.08539076483515,152.08539076483515,5.421981527354037,5.421981527354037,5.421981527354037,5.421981527354037,5.421981527354037,5.421981527354037,0.0,0.0,0.0,157.5073722921892
2020-01-20,152.08137152967035,139.84224837196874,171.63955024428574,152.08137152967035,152.08137152967035,3.5445065190744933,3.5445065190744933,3.5445065190744933,3.5445065190744933,3.5445065190744933,3.5445065190744933,0.0,0.0,0.0,155.62587804874485
2020-01-27,152.0773522945055,138.1735382746451,168.29518505688404,152.0773522945055,152.0773522945055,2.036253017150879,2.036253017150879,2.036253017150879,2.036253017150879,2.036253017150879,2.036253017150879,0.0,0.0,0.0,154.11360531165636
2020-02-03,152.07333305934065,138.39986897503132,170.10653831800624,152.07333305934065,152.07333305934065,1.2376669933104516,1.2376669933104516,1.2376669933104516,1.2376669933104516,1.2376669933104516,1.2376669933104516,0.0,0.0,0.0,153.3110000526511
2020-02-10,152.06931382417582,136.14206748271178,167.98096920090066,152.06931382417582,152.06931382417582,-0.04590600341725278,-0.04590600341725278,-0.04590600341725278,-0.04590600341725278,-0.04590600341725278,-0.04590600341725278,0.0,0.0,0.0,152.02340782075856
2020-02-17,152.065294589011,134.12920090825082,164.23358091732857,152.065294589011,152.065294589011,-2.441413399130329,-2.441413399130329,-2.441413399130329,-2.441413399130329,-2.441413399130329,-2.441413399130329,0.0,0.0,0.0,149.62388118988065
2020-02-24,152.06127535384616,132.15693205018835,161.5480153523574,152.06127535384616,152.06127535384616,-4.398737391843579,-4.398737391843579,-4.398737391843579,-4.398737391843579,-4.398737391843579,-4.398737391843579,0.0,0.0,0.0,147.66253796200257
2020-03-02,152.05725611868132,133.02753877610905,162.2105165911891,152.05725611868132,152.05725611868132,-3.7347166180225497,-3.7347166180225497,-3.7347166180225497,-3.7347166180225497,-3.7347166180225497,-3.7347166180225497,0.0,0.0,0.0,148.32253950065876
2020-03-09,152.0532368835165,136.00471987666447,166.10347037435338,152.0532368835165,152.0532368835165,-0.7573415321882923,-0.7573415321882923,-0.7573415321882923,-0.7573415321882923,-0.7573415321882923,-0.7573415321882923,0.0,0.0,0.0,151.2958953513282
2020-03-16,152.04939429861537,137.779785888998,168.756682999227,152.04939429861537,152.04939429861537,1.2827167482693413,1.2827167482693413,1.2827167482693413,1.2827167482693413,1.2827167482693413,1.2827167482693413,0.0,0.0,0.0,153.3321110468847
2020-03-23,152.04555171371427,137.85100068878785,167.62109410000295,152.04555171371427,152.04555171371427,-0.27105389441110683,-0.27105389441110683,-0.27105389441110683,-0.27105389441110683,-0.27105389441110683,-0.27105389441110683,0.0,0.0,0.0,151.77449781930318
2020-03-30,152.04170912881318,132.9214234926796,162.49789158105088,152.04170912881318,152.04170912881318,-3.955090599901389,-3.955090599901389,-3.955090599901389,-3.955090599901389,-3.955090599901389,-3.955090599901389,0.0,0.0,0.0,148.0866185289118
2020-04-06,152.0378665439121,131.22041700280965,161.7965762875103,152.0378665439121,152.0378665439121,-5.395765578070983,-5.395765578070983,-5.395765578070983,-5.395765578070983,-5.395765578070983,-5.395765578070983,0.0,0.0,0.0,146.6421009658411
2020-04-13,152.034023959011,134.56546991744742,164.49573032390063,152.034023959011,152.034023959011,-2.461631932821636,-2.461631932821636,-2.461631932821636,-2.461631932821636,-2.461631932821636,-2.461631932821636,0.0,0.0,0.0,149.57239202618936
2020-04-20,152.0301813741099,137.33886549114888,168.22068052800245,152.0301813741099,152.0301813741099,1.6996606706458364,1.6996606706458364,1.6996606706458364,1.6996606706458364,1.6996606706458364,1.6996606706458364,0.0,0.0,0.0,153.72984204475574
2020-04-27,152.0263387892088,138.64563985510998,169.2849482291735,152.0263387892088,152.0263387892088,1.880144101342273,1.880144101342273,1.880144101342273,1.880144101342273,1.880144101342273,1.880144101342273,0.0,0.0,0.0,153.90648289055108
2020-05-04,152.02249620430769,134.7761829743528,164.16653031640143,152.02249620430769,152.02249620430769,-2.9992221930149707,-2.9992221930149707,-2.9992221930149707,-2.9992221930149707,-2.9992221930149707,-2.9992221930149707,0.0,0.0,0.0,149.02327401129273
2020-05-11,152.01865362914603,129.03048795821627,159.09500468148175,152.01865362914603,152.01865362914603,-8.047087539161383,-8.047087539161383,-8.047087539161383,-8.047087539161383,-8.047087539161383,-8.047087539161383,0.0,0.0,0.0,143.97156608998463
2020-05-18,152.01481105398437,129.7456150284009,159.8706230468868,152.01481105398437,152.01481105398437,-7.520141196837962,-7.520141196837962,-7.520141196837962,-7.520141196837962,-7.520141196837962,-7.520141196837962,0.0,0.0,0.0,144.49466985714642
2020-05-25,152.01096847882275,134.4289687456375,165.67932633157727,152.01096847882275,152.01096847882275,-1.2849694562761673,-1.2849694562761673,-1.2849694562761673,-1.2849694562761673,-1.2849694562761673,-1.2849694562761673,0.0,0.0,0.0,150.72599902254657
2020-06-01,152.0071259036611,142.0988365031833,172.28652902314485,152.0071259036611,152.0071259036611,4.861913278015004,4.861913278015004,4.861913278015004,4.861913278015004,4.861913278015004,4.861913278015004,0.0,0.0,0.0,156.8690391816761
2020-06-08,152.00328332849944,142.1548482907209,172.99407696464914,152.00328332849944,152.00328332849944,5.4892212428321505,5.4892212428321505,5.4892212428321505,5.4892212428321505,5.4892212428321505,5.4892212428321505,0.0,0.0,0.0,157.49250457133158
2020-06-15,151.9994407533378,138.42767577318023,168.4470687949229,151.9994407533378,151.9994407533378,1.2270214478361012,1.2270214478361012,1.2270214478361012,1.2270214478361012,1.2270214478361012,1.2270214478361012,0.0,0.0,0.0,153.22646220117392
2020-06-22,151.99559817817615,133.76463610418534,165.84565628274657,151.99559817817615,151.99559817817615,-2.5449857270259497,-2.5449857270259497,-2.5449857270259497,-2.5449857270259497,-2.5449857270259497,-2.5449857270259497,0.0,0.0,0.0,149.4506124511502
2020-06-29,151.9917556030145,134.81349445936334,165.0149165722778,151.9917556030145,151.9917556030145,-2.1242332848126697,-2.1242332848126697,-2.1242332848126697,-2.1242332848126697,-2.1242332848126697,-2.1242332848126697,0.0,0.0,0.0,149.86752231820182
2020-07-06,151.98791302785287,137.5220998473704,168.46216936591233,151.98791302785287,151.98791302785287,0.6832448948833368,0.6832448948833368,0.6832448948833368,0.6832448948833368,0.6832448948833368,0.6832448948833368,0.0,0.0,0.0,152.6711579227362
2020-07-13,151.98407046197417,137.93519879191138,169.75895166477682,151.98407046197417,151.98407046197417,1.532209473500797,1.532209473500797,1.532209473500797,1.532209473500797,1.532209473500797,1.532209473500797,0.0,0.0,0.0,153.51627993547496
2020-07-20,151.9802278960955,135.99734718473763,166.2073825776311,151.9802278960955,151.9802278960955,-0.7941627067874132,-0.7941627067874132,-0.7941627067874132,-0.7941627067874132,-0.7941627067874132,-0.7941627067874132,0.0,0.0,0.0,151.1860651893081
2020-07-27,151.97638533021683,133.2610220565684,163.55063894828538,151.97638533021683,151.97638533021683,-3.0714441456858252,-3.0714441456858252,-3.0714441456858252,-3.0714441456858252,-3.0714441456858252,-3.0714441456858252,0.0,0.0,0.0,148.904941184531
2020-08-03,151.97254276433813,135.75407083349123,166.79541219595356,151.97254276433813,151.97254276433813,-1.994677789336633,-1.994677789336633,-1.994677789336633,-1.994677789336633,-1.994677789336633,-1.994677789336633,0.0,0.0,0.0,149.9778649750015
2020-08-10,151.96870019845946,138.45153548954352,167.96973995478163,151.96870019845946,151.96870019845946,1.5311814012013094,1.5311814012013094,1.5311814012013094,1.5311814012013094,1.5311814012013094,1.5311814012013094,0.0,0.0,0.0,153.49988159966077
2020-08-17,151.9648576325808,140.04455904915605,170.66899014234244,151.9648576325808,151.9648576325808,3.587295895572851,3.587295895572851,3.587295895572851,3.587295895572851,3.587295895572851,3.587295895572851,0.0,0.0,0.0,155.55215352815364
2020-08-24,151.9610150667021,138.6394920389692,169.59678253351612,151.9610150667021,151.9610150667021,2.2832330099115286,2.2832330099115286,2.2832330099115286,2.2832330099115286,2.2832330099115286,2.2832330099115286,0.0,0.0,0.0,154.24424807661362
2020-08-31,151.95717250082342,136.28167496627597,167.14720573514666,151.95717250082342,151.95717250082342,0.17390606779609033,0.17390606779609033,0.17390606779609033,0.17390606779609033,0.17390606779609033,0.17390606779609033,0.0,0.0,0.0,152.1310785686195
2020-09-07,151.95332993494472,137.77580492001226,168.02351809320803,151.95332993494472,151.95332993494472,0.938401764446178,0.938401764446178,0.938401764446178,0.938401764446178,0.938401764446178,0.938401764446178,0.0,0.0,0.0,152.8917316993909
2020-09-14,151.94948736863995,140.85487991908866,171.72923281499013,151.94948736863995,151.94948736863995,4.436972544227031,4.436972544227031,4.436972544227031,4.436972544227031,4.436972544227031,4.436972544227031,0.0,0.0,0.0,156.38645991286697
2020-09-21,151.94564480233518,143.218118795126,174.027039121313,151.94564480233518,151.94564480233518,6.342504202123801,6.342504202123801,6.342504202123801,6.342504202123801,6.342504202123801,6.342504202123801,0.0,0.0,0.0,158.28814900445897
2020-09-28,151.9418022360304,138.94989774790068,171.04120301399408,151.9418022360304,151.9418022360304,2.9819527127269954,2.9819527127269954,2.9819527127269954,2.9819527127269954,2.9819527127269954,2.9819527127269954,0.0,0.0,0.0,154.92375494875742
2020-10-05,151.93795966972564,131.76150531255468,162.177376179868,151.93795966972564,151.93795966972564,-4.263948017983419,-4.263948017983419,-4.263948017983419,-4.263948017983419,-4.263948017983419,-4.263948017983419,0.0,0.0,0.0,147.67401165174223
2020-10-12,151.93411710342087,127.01424022248436,157.10117944864945,151.93411710342087,151.93411710342087,-10.078947776195768,-10.078947776195768,-10.078947776195768,-10.078947776195768,-10.078947776195768,-10.078947776195768,0.0,0.0,0.0,141.8551693272251
2020-10-19,151.9302745371161,125.73113861260678,157.22530512831898,151.9302745371161,151.9302745371161,-10.439496472418817,-10.439496472418817,-10.439496472418817,-10.439496472418817,-10.439496472418817,-10.439496472418817,0.0,0.0,0.0,141.49077806469728
2020-10-26,151.92643197081134,130.101762608953,160.73209301888917,151.92643197081134,151.92643197081134,-6.0796049304751465,-6.0796049304751465,-6.0796049304751465,-6.0796049304751465,-6.0796049304751465,-6.0796049304751465,0.0,0.0,0.0,145.8468270403362
2020-11-02,151.92258940450657,135.9194675631735,165.8302984409553,151.92258940450657,151.92258940450657,-0.8721860328916746,-0.8721860328916746,-0.8721860328916746,-0.8721860328916746,-0.8721860328916746,-0.8721860328916746,0.0,0.0,0.0,151.0504033716149
2020-11-09,151.9187468382018,139.09848725450536,169.0031953590703,151.9187468382018,151.9187468382018,2.272880705337156,2.272880705337156,2.272880705337156,2.272880705337156,2.272880705337156,2.272880705337156,0.0,0.0,0.0,154.19162754353894
2020-11-16,151.91490427491786,139.89101716283972,169.9825569127638,151.91490427491786,151.91490427491786,3.2913809841490145,3.2913809841490145,3.2913809841490145,3.2913809841490145,3.2913809841490145,3.2913809841490145,0.0,0.0,0.0,155.20628525906687
2020-11-23,151.9110617116339,140.75564352315084,170.4562614945202,151.9110617116339,151.9110617116339,3.450703292851344,3.450703292851344,3.450703292851344,3.450703292851344,3.450703292851344,3.450703292851344,0.0,0.0,0.0,155.36176500448522
2020-11-30,151.90721914834995,140.75295742743944,171.1215822967484,151.90721914834995,151.90721914834995,3.3266030876995463,3.3266030876995463,3.3266030876995463,3.3266030876995463,3.3266030876995463,3.3266030876995463,0.0,0.0,0.0,155.2338222360495
2020-12-07,151.90337658506598,139.23185322430464,170.00475022348235,151.90337658506598,151.90337658506598,2.8302568737770715,2.8302568737770715,2.8302568737770715,2.8302568737770715,2.8302568737770715,2.8302568737770715,0.0,0.0,0.0,154.73363345884306
2020-12-14,151.89953402178205,139.87971159135495,169.28765351125386,151.89953402178205,151.89953402178205,2.404655491306966,2.404655491306966,2.404655491306966,2.404655491306966,2.404655491306966,2.404655491306966,0.0,0.0,0.0,154.304189513089
2020-12-21,151.89569145849808,139.37033915292085,170.2280506661671,151.89569145849808,151.89569145849808,3.0037886136525516,3.0037886136525516,3.0037886136525516,3.0037886136525516,3.0037886136525516,3.0037886136525516,0.0,0.0,0.0,154.89948007215062
2020-12-28,151.89184889521414,141.51093622460638,171.17519688733051,151.89184889521414,151.89184889521414,4.68521072882102,4.68521072882102,4.68521072882102,4.68521072882102,4.68521072882102,4.68521072882102,0.0,0.0,0.0,156.57705962403517
2021-01-04,151.88800633193017,142.5235311915805,172.82836771010855,151.88800633193017,151.88800633193017,6.042330821061361,6.042330821061361,6.042330821061361,6.042330821061361,6.042330821061361,6.042330821061361,0.0,0.0,0.0,157.93033715299154
2021-01-11,151.88416376694016,142.3652235047372,172.3688418447906,151.88416376694016,151.88416376694016,5.675597414741631,5.675597414741631,5.675597414741631,5.675597414741631,5.675597414741631,5.675597414741631,0.0,0.0,0.0,157.55976118168178
2021-01-18,151.88032120195018,140.66077399210118,171.50668395287823,151.88032120195018,151.88032120195018,3.8921186555874265,3.8921186555874265,3.8921186555874265,3.8921186555874265,3.8921186555874265,3.8921186555874265,0.0,0.0,0.0,155.77243985753762
2021-01-25,151.87647863696014,138.6430766186204,168.91179736948627,151.87647863696014,151.87647863696014,2.23681660732295,2.23681660732295,2.23681660732295,2.23681660732295,2.23681660732295,2.23681660732295,0.0,0.0,0.0,154.11329524428308
2021-02-01,151.87263607197013,137.1258425194439,168.25178218866986,151.87263607197013,151.87263607197013,1.3732341431948738,1.3732341431948738,1.3732341431948738,1.3732341431948738,1.3732341431948738,1.3732341431948738,0.0,0.0,0.0,153.245870215165
2021-02-08,151.86879350698013,136.32615849535458,167.35504832829508,151.86879350698013,151.86879350698013,0.27329030334701204,0.27329030334701204,0.27329030334701204,0.27329030334701204,0.27329030334701204,0.27329030334701204,0.0,0.0,0.0,152.14208381032714
2021-02-15,151.86495094199012,134.71675563015916,165.68897443396583,151.86495094199012,151.86495094199012,-1.974936462641868,-1.974936462641868,-1.974936462641868,-1.974936462641868,-1.974936462641868,-1.974936462641868,0.0,0.0,0.0,149.89001447934825
2021-02-22,151.86110837700008,132.91976301666224,162.57113158467143,151.86110837700008,151.86110837700008,-4.195502928671786,-4.195502928671786,-4.195502928671786,-4.195502928671786,-4.195502928671786,-4.195502928671786,0.0,0.0,0.0,147.66560544832828
2021-03-01,151.85726581201007,131.3892100769778,163.30532716022452,151.85726581201007,151.85726581201007,-4.0803794718247675,-4.0803794718247675,-4.0803794718247675,-4.0803794718247675,-4.0803794718247675,-4.0803794718247675,0.0,0.0,0.0,147.7768863401853
2021-03-08,151.85342324702003,135.97487464671744,165.96541482234963,151.85342324702003,151.85342324702003,-1.3336674844072613,-1.3336674844072613,-1.3336674844072613,-1.3336674844072613,-1.3336674844072613,-1.3336674844072613,0.0,0.0,0.0,150.51975576261276
2021-03-15,151.84958068259223,137.38377220600646,167.70407852619294,151.84958068259223,151.84958068259223,1.1482999360536912,1.1482999360536912,1.1482999360536912,1.1482999360536912,1.1482999360536912,1.1482999360536912,0.0,0.0,0.0,152.99788061864592
2021-03-22,151.84573811816443,137.29819437718012,167.69820141145965,151.84573811816443,151.84573811816443,0.2658460017748642,0.2658460017748642,0.2658460017748642,0.2658460017748642,0.2658460017748642,0.2658460017748642,0.0,0.0,0.0,152.1115841199393
2021-03-29,151.84189555373663,134.02267861013112,163.5765315781958,151.84189555373663,151.84189555373663,-3.3327044923967155,-3.3327044923967155,-3.3327044923967155,-3.3327044923967155,-3.3327044923967155,-3.3327044923967155,0.0,0.0,0.0,148.50919106133992
2021-04-05,151.83805298930886,130.17924832008913,162.00217276010306,151.83805298930886,151.83805298930886,-5.465424081468865,-5.465424081468865,-5.465424081468865,-5.465424081468865,-5.465424081468865,-5.465424081468865,0.0,0.0,0.0,146.37262890784
2021-04-12,151.83421042488106,133.49297544743803,164.0350373795014,151.83421042488106,151.83421042488106,-3.2282640852526883,-3.2282640852526883,-3.2282640852526883,-3.2282640852526883,-3.2282640852526883,-3.2282640852526883,0.0,0.0,0.0,148.6059463396284
2021-04-19,151.83036786045326,137.86699115660477,168.6522492605117,151.83036786045326,151.83036786045326,1.120414217314737,1.120414217314737,1.120414217314737,1.120414217314737,1.120414217314737,1.120414217314737,0.0,0.0,0.0,152.950782077768
2021-04-26,151.82652529602547,137.86314032182077,168.29440156395094,151.82652529602547,151.82652529602547,2.276474865762267,2.276474865762267,2.276474865762267,2.276474865762267,2.276474865762267,2.276474865762267,0.0,0.0,0.0,154.10300016178772
2021-05-03,151.82268273159767,134.6928220042376,165.42308580492156,151.82268273159767,151.82268273159767,-1.9198016762001568,-1.9198016762001568,-1.9198016762001568,-1.9198016762001568,-1.9198016762001568,-1.9198016762001568,0.0,0.0,0.0,149.9028810553975
2021-05-10,151.8188401671699,129.41067826003172,162.1226744663848,151.8188401671699,151.8188401671699,-7.435343771696854,-7.435343771696854,-7.435343771696854,-7.435343771696854,-7.435343771696854,-7.435343771696854,0.0,0.0,0.0,144.38349639547303
2021-05-17,151.81499760836604,128.49901002524845,159.32677102964828,151.81499760836604,151.81499760836604,-8.128096853018748,-8.128096853018748,-8.128096853018748,-8.128096853018748,-8.128096853018748,-8.128096853018748,0.0,0.0,0.0,143.6869007553473
2021-05-24,151.81115504956222,134.27658420641092,165.9519127008003,151.81115504956222,151.81115504956222,-2.5998434158712516,-2.5998434158712516,-2.5998434158712516,-2.5998434158712516,-2.5998434158712516,-2.5998434158712516,0.0,0.0,0.0,149.21131163369097
2021-05-31,151.8073124907584,140.4112213123042,171.4464609988294,151.8073124907584,151.8073124907584,4.074408627155802,4.074408627155802,4.074408627155802,4.074408627155802,4.074408627155802,4.074408627155802,0.0,0.0,0.0,155.8817211179142
2021-06-07,151.80346993195454,142.52079887022558,173.30432092596456,151.80346993195454,151.80346993195454,5.845407037509178,5.845407037509178,5.845407037509178,5.845407037509178,5.845407037509178,5.845407037509178,0.0,0.0,0.0,157.6488769694637
2021-06-14,151.7996273731507,138.58459252723216,168.77499514716138,151.7996273731507,151.7996273731507,2.1249772274084795,2.1249772274084795,2.1249772274084795,2.1249772274084795,2.1249772274084795,2.1249772274084795,0.0,0.0,0.0,153.9246046005592
2021-06-21,151.79578481434686,133.51347365336585,164.84972453830184,151.79578481434686,151.79578481434686,-2.1406663809984856,-2.1406663809984856,-2.1406663809984856,-2.1406663809984856,-2.1406663809984856,-2.1406663809984856,0.0,0.0,0.0,149.65511843334838
2021-06-28,151.79194225554303,135.03463685192665,165.09856069059714,151.79194225554303,151.79194225554303,-2.4933589272647567,-2.4933589272647567,-2.4933589272647567,-2.4933589272647567,-2.4933589272647567,-2.4933589272647567,0.0,0.0,0.0,149.29858332827828
2021-07-05,151.78809969673918,137.3147442878679,166.11166838034728,151.78809969673918,151.78809969673918,0.2135208174376087,0.2135208174376087,0.2135208174376087,0.2135208174376087,0.2135208174376087,0.2135208174376087,0.0,0.0,0.0,152.00162051417678
2021-07-12,151.78425713871945,138.19245559071803,168.08152419599946,151.78425713871945,151.78425713871945,1.6480752815969153,1.6480752815969153,1.6480752815969153,1.6480752815969153,1.6480752815969153,1.6480752815969153,0.0,0.0,0.0,153.43233242031636
2021-07-19,151.78041458069976,136.83152289559678,166.768390907278,151.78041458069976,151.78041458069976,-0.25413913243765046,-0.25413913243765046,-0.25413913243765046,-0.25413913243765046,-0.25413913243765046,-0.25413913243765046,0.0,0.0,0.0,151.5262754482621
2021-07-26,151.77657202268003,134.19716588235397,164.9933952368055,151.77657202268003,151.77657202268003,-2.857622837142468,-2.857622837142468,-2.857622837142468,-2.857622837142468,-2.857622837142468,-2.857622837142468,0.0,0.0,0.0,148.91894918553757
2021-08-02,151.7727294646603,133.8770646347462,163.92983138201947,151.7727294646603,151.7727294646603,-2.4561412438889,-2.4561412438889,-2.4561412438889,-2.4561412438889,-2.4561412438889,-2.4561412438889,0.0,0.0,0.0,149.3165882207714
2021-08-09,151.7688869066406,137.20854048047562,167.59671127835344,151.7688869066406,151.7688869066406,0.8930436038714873,0.8930436038714873,0.8930436038714873,0.8930436038714873,0.8930436038714873,0.8930436038714873,0.0,0.0,0.0,152.6619305105121
2021-08-16,151.76504434862088,140.05135356528416,170.86510602785305,151.76504434862088,151.76504434862088,3.472653861277656,3.472653861277656,3.472653861277656,3.472653861277656,3.472653861277656,3.472653861277656,0.0,0.0,0.0,155.23769820989853
2021-08-23,151.76120179060118,139.10440697995804,170.19724333110042,151.76120179060118,151.76120179060118,2.695513486329666,2.695513486329666,2.695513486329666,2.695513486329666,2.695513486329666,2.695513486329666,0.0,0.0,0.0,154.45671527693085
2021-08-30,151.75735923258145,136.1044884049245,166.5324657150594,151.75735923258145,151.75735923258145,0.4175887380269416,0.4175887380269416,0.4175887380269416,0.4175887380269416,0.4175887380269416,0.4175887380269416,0.0,0.0,0.0,152.1749479706084
2021-09-06,151.75351667456172,136.667487635083,168.2415264332154,151.75351667456172,151.75351667456172,0.5264784275370401,0.5264784275370401,0.5264784275370401,0.5264784275370401,0.5264784275370401,0.5264784275370401,0.0,0.0,0.0,152.27999510209875
2021-09-13,151.74967410501506,141.01841463648427,171.16560844703903,151.74967410501506,151.74967410501506,3.777513250225287,3.777513250225287,3.777513250225287,3.777513250225287,3.777513250225287,3.777513250225287,0.0,0.0,0.0,155.52718735524036
2021-09-20,151.74583153546837,144.3132191480269,172.81285141957972,151.74583153546837,151.74583153546837,6.335456821932511,6.335456821932511,6.335456821932511,6.335456821932511,6.335456821932511,6.335456821932511,0.0,0.0,0.0,158.0812883574009
2021-09-27,151.7419889659217,139.52716346550088,170.07393212958823,151.7419889659217,151.7419889659217,3.981891643103072,3.981891643103072,3.981891643103072,3.981891643103072,3.981891643103072,3.981891643103072,0.0,0.0,0.0,155.72388060902477
2021-10-04,151.73814639637502,133.29699752433524,165.04109403399428,151.73814639637502,151.73814639637502,-2.9059884371224394,-2.9059884371224394,-2.9059884371224394,-2.9059884371224394,-2.9059884371224394,-2.9059884371224394,0.0,0.0,0.0,148.83215795925258
2021-10-11,151.73430382682838,126.56257108496919,157.76929374544326,151.73430382682838,151.73430382682838,-9.380453972929057,-9.380453972929057,-9.380453972929057,-9.380453972929057,-9.380453972929057,-9.380453972929057,0.0,0.0,0.0,142.35384985389933
2021-10-18,151.7304612572817,125.15141791082469,156.4512156632407,151.7304612572817,151.7304612572817,-10.80578662947282,-10.80578662947282,-10.80578662947282,-10.80578662947282,-10.80578662947282,-10.80578662947282,0.0,0.0,0.0,140.92467462780888
2021-10-25,151.726618687735,129.05046300158514,160.42192954983048,151.726618687735,151.726618687735,-7.041587804378177,-7.041587804378177,-7.041587804378177,-7.041587804378177,-7.041587804378177,-7.041587804378177,0.0,0.0,0.0,144.68503088335683
2021-11-01,151.72277611818834,134.10838466888373,165.43774314546692,151.72277611818834,151.72277611818834,-1.6972441590251313,-1.6972441590251313,-1.6972441590251313,-1.6972441590251313,-1.6972441590251313,-1.6972441590251313,0.0,0.0,0.0,150.0255319591632
2021-11-08,151.71893354864167,139.39458324179404,169.482781278193,151.71893354864167,151.71893354864167,1.8976712324230165,1.8976712324230165,1.8976712324230165,1.8976712324230165,1.8976712324230165,1.8976712324230165,0.0,0.0,0.0,153.6166047810647
2021-11-15,151.71509105066343,140.96355111828262,169.6360683558946,151.71509105066343,151.71509105066343,3.2073362160660284,3.2073362160660284,3.2073362160660284,3.2073362160660284,3.2073362160660284,3.2073362160660284,0.0,0.0,0.0,154.92242726672947
2021-11-22,151.7112485526852,140.47966676877635,170.72274881900785,151.7112485526852,151.7112485526852,3.444510995006599,3.444510995006599,3.444510995006599,3.444510995006599,3.444510995006599,3.444510995006599,0.0,0.0,0.0,155.1557595476918
2021-11-29,151.70740605470698,140.15016129669863,170.06916745445633,151.70740605470698,151.70740605470698,3.374504925081472,3.374504925081472,3.374504925081472,3.374504925081472,3.374504925081472,3.374504925081472,0.0,0.0,0.0,155.08191097978846
2021-12-06,151.70356355672874,139.3390364783779,169.5508560859377,151.70356355672874,151.70356355672874,2.938852594052578,2.938852594052578,2.938852594052578,2.938852594052578,2.938852594052578,2.938852594052578,0.0,0.0,0.0,154.64241615078132
2021-12-13,151.6997210587505,139.18947035670487,169.43507454598057,151.6997210587505,151.6997210587505,2.430239044820289,2.430239044820289,2.430239044820289,2.430239044820289,2.430239044820289,2.430239044820289,0.0,0.0,0.0,154.1299601035708
2021-12-20,151.6958785607723,140.05873108235926,170.09155772350903,151.6958785607723,151.6958785607723,2.7973004843472022,2.7973004843472022,2.7973004843472022,2.7973004843472022,2.7973004843472022,2.7973004843472022,0.0,0.0,0.0,154.4931790451195
2021-12-27,151.69203606279405,140.36154015475785,170.50156610566032,151.69203606279405,151.69203606279405,4.355556042489306,4.355556042489306,4.355556042489306,4.355556042489306,4.355556042489306,4.355556042489306,0.0,0.0,0.0,156.04759210528334
2022-01-03,151.6881935648158,142.71813601527467,171.75751982549647,151.6881935648158,151.6881935648158,5.902718222371861,5.902718222371861,5.902718222371861,5.902718222371861,5.902718222371861,5.902718222371861,0.0,0.0,0.0,157.59091178718768
2022-01-10,151.68435106683756,142.96397008887757,172.36374273751966,151.68435106683756,151.68435106683756,5.8801092125497245,5.8801092125497245,5.8801092125497245,5.8801092125497245,5.8801092125497245,5.8801092125497245,0.0,0.0,0.0,157.56446027938728
2022-01-17,151.6805085704466,140.74413718670147,172.3596119592632,151.6805085704466,151.6805085704466,4.246645519645171,4.246645519645171,4.246645519645171,4.246645519645171,4.246645519645171,4.246645519645171,0.0,0.0,0.0,155.92715409009176
2022-01-24,151.6766660740556,138.68175159076054,168.2720058653566,151.6766660740556,151.6766660740556,2.468142655138457,2.468142655138457,2.468142655138457,2.468142655138457,2.468142655138457,2.468142655138457,0.0,0.0,0.0,154.14480872919404
2022-01-31,151.6728235776646,137.96816263320642,167.75180224618322,151.6728235776646,151.6728235776646,1.5010750703954803,1.5010750703954803,1.5010750703954803,1.5010750703954803,1.5010750703954803,1.5010750703954803,0.0,0.0,0.0,153.17389864806006
2022-02-07,151.6689810812736,136.4773181306896,166.27136665384162,151.6689810812736,151.6689810812736,0.549232073784726,0.549232073784726,0.549232073784726,0.549232073784726,0.549232073784726,0.549232073784726,0.0,0.0,0.0,152.21821315505835
2022-02-14,151.6651385848826,134.72999530094407,165.03431459931116,151.6651385848826,151.6651385848826,-1.5114856938980368,-1.5114856938980368,-1.5114856938980368,-1.5114856938980368,-1.5114856938980368,-1.5114856938980368,0.0,0.0,0.0,150.15365289098457
2022-02-21,151.6612960884916,132.628310160775,163.54559620642954,151.6612960884916,151.6612960884916,-3.9118154218848873,-3.9118154218848873,-3.9118154218848873,-3.9118154218848873,-3.9118154218848873,-3.9118154218848873,0.0,0.0,0.0,147.74948066660673
2022-02-28,151.6574535921006,132.92368279988986,162.91071840655775,151.6574535921006,151.6574535921006,-4.332112112127216,-4.332112112127216,-4.332112112127216,-4.332112112127216,-4.332112112127216,-4.332112112127216,0.0,0.0,0.0,147.3253414799734
2022-03-07,151.65361109570964,136.05004360667664,165.6299245740815,151.65361109570964,151.65361109570964,-1.9174380875377974,-1.9174380875377974,-1.9174380875377974,-1.9174380875377974,-1.9174380875377974,-1.9174380875377974,0.0,0.0,0.0,149.73617300817185
2022-03-14,151.64976861455224,137.6833451321442,167.8724201301793,151.64976861455224,151.64976861455224,0.895217227380998,0.895217227380998,0.895217227380998,0.895217227380998,0.895217227380998,0.895217227380998,0.0,0.0,0.0,152.54498584193325
2022-03-21,151.64592613339485,136.60739081438416,168.65203571572198,151.64592613339485,151.64592613339485,0.7050581910509408,0.7050581910509408,0.7050581910509408,0.7050581910509408,0.7050581910509408,0.7050581910509408,0.0,0.0,0.0,152.3509843244458
2022-03-28,151.64208365223746,133.61346866532273,165.18185043292962,151.64208365223746,151.64208365223746,-2.65995301428234,-2.65995301428234,-2.65995301428234,-2.65995301428234,-2.65995301428234,-2.65995301428234,0.0,0.0,0.0,148.98213063795512
2022-04-04,151.63824117108007,130.56181833898017,161.37561124368966,151.63824117108007,151.63824117108007,-5.379928876203744,-5.379928876203744,-5.379928876203744,-5.379928876203744,-5.379928876203744,-5.379928876203744,0.0,0.0,0.0,146.25831229487633
2022-04-11,151.6343986899227,133.13086304944147,163.10061167798466,151.6343986899227,151.6343986899227,-3.917967736136513,-3.917967736136513,-3.917967736136513,-3.917967736136513,-3.917967736136513,-3.917967736136513,0.0,0.0,0.0,147.7164309537862
2022-04-18,151.6305562087653,136.1473163959165,166.9919981102496,151.6305562087653,151.6305562087653,0.4299871160942596,0.4299871160942596,0.4299871160942596,0.4299871160942596,0.4299871160942596,0.4299871160942596,0.0,0.0,0.0,152.06054332485957
2022-04-25,151.62671372760792,139.68781853769457,168.6506441385789,151.62671372760792,151.62671372760792,2.4831927048414277,2.4831927048414277,2.4831927048414277,2.4831927048414277,2.4831927048414277,2.4831927048414277,0.0,0.0,0.0,154.10990643244935
2022-05-02,151.62287124645053,135.8518092157352,165.7643460660535,151.62287124645053,151.62287124645053,-0.8890671943541029,-0.8890671943541029,-0.8890671943541029,-0.8890671943541029,-0.8890671943541029,-0.8890671943541029,0.0,0.0,0.0,150.73380405209642
2022-05-09,151.6190287652931,130.51964873019782,159.61333125661326,151.6190287652931,151.6190287652931,-6.655465589830378,-6.655465589830378,-6.655465589830378,-6.655465589830378,-6.655465589830378,-6.655465589830378,0.0,0.0,0.0,144.96356317546272
2022-05-16,151.6151863061888,127.61149768266381,158.0165773202526,151.6151863061888,151.6151863061888,-8.5179824446906,-8.5179824446906,-8.5179824446906,-8.5179824446906,-8.5179824446906,-8.5179824446906,0.0,0.0,0.0,143.0972038614982
2022-05-23,151.61134384708447,131.16956488511534,163.02479749125166,151.61134384708447,151.61134384708447,-3.875279251956388,-3.875279251956388,-3.875279251956388,-3.875279251956388,-3.875279251956388,-3.875279251956388,0.0,0.0,0.0,147.73606459512808
2022-05-30,151.60750138798014,139.48117244125896,169.75993036980458,151.60750138798014,151.60750138798014,3.1138092735362375,3.1138092735362375,3.1138092735362375,3.1138092735362375,3.1138092735362375,3.1138092735362375,0.0,0.0,0.0,154.72131066151638
2022-06-06,151.60365892887583,141.42740909756756,172.9563550402704,151.60365892887583,151.60365892887583,6.009683755707316,6.009683755707316,6.009683755707316,6.009683755707316,6.009683755707316,6.009683755707316,0.0,0.0,0.0,157.61334268458316
2022-06-13,151.59981646977147,138.96854226700532,169.31221328936027,151.59981646977147,151.59981646977147,3.0073431357531977,3.0073431357531977,3.0073431357531977,3.0073431357531977,3.0073431357531977,3.0073431357531977,0.0,0.0,0.0,154.60715960552466
2022-06-20,151.59597401066713,134.11173497757176,164.10907403923963,151.59597401066713,151.59597401066713,-1.5950678449047506,-1.5950678449047506,-1.5950678449047506,-1.5950678449047506,-1.5950678449047506,-1.5950678449047506,0.0,0.0,0.0,150.0009061657624
2022-06-27,151.59213155156283,133.28931522897045,164.94356965633506,151.59213155156283,151.59213155156283,-2.754331424251529,-2.754331424251529,-2.754331424251529,-2.754331424251529,-2.754331424251529,-2.754331424251529,0.0,0.0,0.0,148.8378001273113
2022-07-04,151.5882890924585,136.57509014507306,167.6038173213721,151.5882890924585,151.5882890924585,-0.3040542807726582,-0.3040542807726582,-0.3040542807726582,-0.3040542807726582,-0.3040542807726582,-0.3040542807726582,0.0,0.0,0.0,151.28423481168585
2022-07-11,151.58444663335416,137.3625264134532,168.362339105326,151.58444663335416,151.58444663335416,1.6428512430622346,1.6428512430622346,1.6428512430622346,1.6428512430622346,1.6428512430622346,1.6428512430622346,0.0,0.0,0.0,153.2272978764164
2022-07-18,151.5806041836557,137.96687366929348,167.83811628189386,151.5806041836557,151.5806041836557,0.26027138144807305,0.26027138144807305,0.26027138144807305,0.26027138144807305,0.26027138144807305,0.26027138144807305,0.0,0.0,0.0,151.84087556510377
2022-07-25,151.57676173395726,133.08197250206214,163.86952560524438,151.57676173395726,151.57676173395726,-2.5361652644879475,-2.5361652644879475,-2.5361652644879475,-2.5361652644879475,-2.5361652644879475,-2.5361652644879475,0.0,0.0,0.0,149.0405964694693
2022-08-01,151.5729192842588,134.399963506708,163.85399338797293,151.5729192842588,151.5729192842588,-2.812183430752706,-2.812183430752706,-2.812183430752706,-2.812183430752706,-2.812183430752706,-2.812183430752706,0.0,0.0,0.0,148.7607358535061
2022-08-08,151.56907683456035,137.48431443482772,166.36609571785576,151.56907683456035,151.56907683456035,0.226818694821166,0.226818694821166,0.226818694821166,0.226818694821166,0.226818694821166,0.226818694821166,0.0,0.0,0.0,151.7958955293815
2022-08-15,151.5652343848619,139.4531508237571,170.89935857035167,151.5652343848619,151.5652343848619,3.2370859769072724,3.2370859769072724,3.2370859769072724,3.2370859769072724,3.2370859769072724,3.2370859769072724,0.0,0.0,0.0,154.80232036176918
2022-08-22,151.56139193516344,138.51112537339935,170.11755370834047,151.56139193516344,151.56139193516344,3.053530962756688,3.053530962756688,3.053530962756688,3.053530962756688,3.053530962756688,3.053530962756688,0.0,0.0,0.0,154.61492289792014
2022-08-29,151.557549485465,136.50257605740873,168.080453492813,151.557549485465,151.557549485465,0.7470176735971872,0.7470176735971872,0.7470176735971872,0.7470176735971872,0.7470176735971872,0.7470176735971872,0.0,0.0,0.0,152.30456715906217
2022-09-05,151.55370703576654,136.17208273416165,168.04722033698002,151.55370703576654,151.55370703576654,0.2289673552036581,0.2289673552036581,0.2289673552036581,0.2289673552036581,0.2289673552036581,0.2289673552036581,0.0,0.0,0.0,151.7826743909702
2022-09-12,151.54986458606808,139.85490955404748,170.23426995829755,151.54986458606808,151.54986458606808,3.09725836494364,3.09725836494364,3.09725836494364,3.09725836494364,3.09725836494364,3.09725836494364,0.0,0.0,0.0,154.6471229510117
2022-09-19,151.5460221482252,142.02568198157115,173.0762888882164,151.5460221482252,151.5460221482252,6.157851120201731,6.157851120201731,6.157851120201731,6.157851120201731,6.157851120201731,6.157851120201731,0.0,0.0,0.0,157.70387326842695
2022-09-26,151.5421797103823,141.95592780810503,171.34921183242278,151.5421797103823,151.5421797103823,4.823457868878448,4.823457868878448,4.823457868878448,4.823457868878448,4.823457868878448,4.823457868878448,0.0,0.0,0.0,156.36563757926075
2022-10-03,151.5383372725394,135.32796828815597,164.58706782532957,151.5383372725394,151.5383372725394,-1.533703321974049,-1.533703321974049,-1.533703321974049,-1.533703321974049,-1.533703321974049,-1.533703321974049,0.0,0.0,0.0,150.00463395056533
2022-10-10,151.53449483469652,127.59620493965187,157.8969751252064,151.53449483469652,151.53449483469652,-8.507300121469527,-8.507300121469527,-8.507300121469527,-8.507300121469527,-8.507300121469527,-8.507300121469527,0.0,0.0,0.0,143.027194713227
2022-10-17,151.5306523968536,124.66712876475563,154.62178416369264,151.5306523968536,151.5306523968536,-10.995619647209692,-10.995619647209692,-10.995619647209692,-10.995619647209692,-10.995619647209692,-10.995619647209692,0.0,0.0,0.0,140.53503274964393
2022-10-24,151.52680995901073,128.26007223153502,159.39879853655268,151.52680995901073,151.52680995901073,-7.954625186871924,-7.954625186871924,-7.954625186871924,-7.954625186871924,-7.954625186871924,-7.954625186871924,0.0,0.0,0.0,143.5721847721388
2022-10-31,151.52296752116783,133.9577150011472,164.12421892691907,151.52296752116783,151.52296752116783,-2.586799668940393,-2.586799668940393,-2.586799668940393,-2.586799668940393,-2.586799668940393,-2.586799668940393,0.0,0.0,0.0,148.93616785222744
2022-11-07,151.51912508332492,138.7343461922433,168.3930802973885,151.51912508332492,151.51912508332492,1.4446730969694332,1.4446730969694332,1.4446730969694332,1.4446730969694332,1.4446730969694332,1.4446730969694332,0.0,0.0,0.0,152.96379818029436
2022-11-14,151.5152826484368,138.99977240941791,170.0996791158967,151.5152826484368,151.5152826484368,3.0911036156115714,3.0911036156115714,3.0911036156115714,3.0911036156115714,3.0911036156115714,3.0911036156115714,0.0,0.0,0.0,154.60638626404835
2022-11-21,151.51144021354867,139.12958988343627,170.14099168483992,151.51144021354867,151.51144021354867,3.4313229601130577,3.4313229601130577,3.4313229601130577,3.4313229601130577,3.4313229601130577,3.4313229601130577,0.0,0.0,0.0,154.94276317366172
2022-11-28,151.50759777866054,139.41941850316695,169.5397924833934,151.50759777866054,151.50759777866054,3.4094167865427236,3.4094167865427236,3.4094167865427236,3.4094167865427236,3.4094167865427236,3.4094167865427236,0.0,0.0,0.0,154.91701456520326
2022-12-05,151.50375534377238,139.07920377562894,169.47825789869648,151.50375534377238,151.50375534377238,3.042689196645338,3.042689196645338,3.042689196645338,3.042689196645338,3.042689196645338,3.042689196645338,0.0,0.0,0.0,154.54644454041772
2022-12-12,151.49991290888426,139.77518031046606,168.03305318168609,151.49991290888426,151.49991290888426,2.485537932710702,2.485537932710702,2.485537932710702,2.485537932710702,2.485537932710702,2.485537932710702,0.0,0.0,0.0,153.98545084159497
2022-12-19,151.4960704739961,138.49741498173367,168.8072748523709,151.4960704739961,151.4960704739961,2.6336173884507055,2.6336173884507055,2.6336173884507055,2.6336173884507055,2.6336173884507055,2.6336173884507055,0.0,0.0,0.0,154.12968786244681
2022-12-26,151.49222803910797,140.6132265209725,171.7114345068612,151.49222803910797,151.49222803910797,4.02680317958244,4.02680317958244,4.02680317958244,4.02680317958244,4.02680317958244,4.02680317958244,0.0,0.0,0.0,155.5190312186904
2023-01-02,151.48838560421984,142.8613064214121,171.8143983926855,151.48838560421984,151.48838560421984,5.708325567880546,5.708325567880546,5.708325567880546,5.708325567880546,5.708325567880546,5.708325567880546,0.0,0.0,0.0,157.19671117210038
2023-01-09,151.4845431693317,142.17126290376382,172.1041141563029,151.4845431693317,151.4845431693317,6.028481599291498,6.028481599291498,6.028481599291498,6.028481599291498,6.028481599291498,6.028481599291498,0.0,0.0,0.0,157.51302476862318
2023-01-16,151.4807007573142,141.70260993632988,171.81952125187584,151.4807007573142,151.4807007573142,4.598179381205614,4.598179381205614,4.598179381205614,4.598179381205614,4.598179381205614,4.598179381205614,0.0,0.0,0.0,156.07888013851982
2023-01-23,151.4768583452967,138.67962645547695,169.8383314635769,151.4768583452967,151.4768583452967,2.731032891247606,2.731032891247606,2.731032891247606,2.731032891247606,2.731032891247606,2.731032891247606,0.0,0.0,0.0,154.2078912365443
2023-01-30,151.4730159332792,136.85387167883505,167.55165228609923,151.4730159332792,151.4730159332792,1.6306307405072014,1.6306307405072014,1.6306307405072014,1.6306307405072014,1.6306307405072014,1.6306307405072014,0.0,0.0,0.0,153.10364667378641
2023-02-06,151.46917352126172,137.46620238155364,167.64382481539215,151.46917352126172,151.46917352126172,0.7838427927264303,0.7838427927264303,0.7838427927264303,0.7838427927264303,0.7838427927264303,0.7838427927264303,0.0,0.0,0.0,152.25301631398816
2023-02-13,151.4653311092442,134.68445947993723,165.9987493669677,151.4653311092442,151.4653311092442,-1.064051269185307,-1.064051269185307,-1.064051269185307,-1.064051269185307,-1.064051269185307,-1.064051269185307,0.0,0.0,0.0,150.4012798400589
2023-02-20,151.46148869722674,132.9698929063069,164.35004821096027,151.46148869722674,151.46148869722674,-3.5607640177605804,-3.5607640177605804,-3.5607640177605804,-3.5607640177605804,-3.5607640177605804,-3.5607640177605804,0.0,0.0,0.0,147.90072467946615
2023-02-27,151.45764628520925,130.65537705657312,161.47548065927398,151.45764628520925,151.45764628520925,-4.483190338557885,-4.483190338557885,-4.483190338557885,-4.483190338557885,-4.483190338557885,-4.483190338557885,0.0,0.0,0.0,146.97445594665137
2023-03-06,151.45380387319173,134.46632074984007,164.35819891102386,151.45380387319173,151.45380387319173,-2.485181875046699,-2.485181875046699,-2.485181875046699,-2.485181875046699,-2.485181875046699,-2.485181875046699,0.0,0.0,0.0,148.96862199814504
2023-03-13,151.44996146117424,135.70794905729085,167.42648048572926,151.44996146117424,151.44996146117424,0.53665853413615,0.53665853413615,0.53665853413615,0.53665853413615,0.53665853413615,0.53665853413615,0.0,0.0,0.0,151.98661999531038
2023-03-20,151.44611904906535,138.49938079927855,168.0372841071441,151.44611904906535,151.44611904906535,1.030597689733814,1.030597689733814,1.030597689733814,1.030597689733814,1.030597689733814,1.030597689733814,0.0,0.0,0.0,152.47671673879915
2023-03-27,151.44227663695648,135.1657086051827,164.20516555323417,151.44227663695648,151.44227663695648,-1.9660800435621468,-1.9660800435621468,-1.9660800435621468,-1.9660800435621468,-1.9660800435621468,-1.9660800435621468,0.0,0.0,0.0,149.47619659339432
2023-04-03,151.43843422484758,131.23015750745571,161.63904394497231,151.43843422484758,151.43843422484758,-5.146344071850856,-5.146344071850856,-5.146344071850856,-5.146344071850856,-5.146344071850856,-5.146344071850856,0.0,0.0,0.0,146.29209015299674
2023-04-10,151.43459181273872,131.05568509889707,161.84426105233055,151.43459181273872,151.43459181273872,-4.503508193099357,-4.503508193099357,-4.503508193099357,-4.503508193099357,-4.503508193099357,-4.503508193099357,0.0,0.0,0.0,146.93108361963937
2023-04-17,151.43074940062982,135.01590527425464,167.16197683517484,151.43074940062982,151.43074940062982,-0.3396133679706097,-0.3396133679706097,-0.3396133679706097,-0.3396133679706097,-0.3396133679706097,-0.3396133679706097,0.0,0.0,0.0,151.09113603265922
2023-04-24,151.42690698852095,138.92823668145456,168.86223341902175,151.42690698852095,151.42690698852095,2.498104602809257,2.498104602809257,2.498104602809257,2.498104602809257,2.498104602809257,2.498104602809257,0.0,0.0,0.0,153.92501159133022
2023-05-01,151.42306457641206,135.8019778304654,165.91707785377736,151.42306457641206,151.42306457641206,0.05518178000422194,0.05518178000422194,0.05518178000422194,0.05518178000422194,0.05518178000422194,0.05518178000422194,0.0,0.0,0.0,151.4782463564163
2023-05-08,151.41922216430316,131.05090169180156,160.77809414687115,151.41922216430316,151.41922216430316,-5.739967359583234,-5.739967359583234,-5.739967359583234,-5.739967359583234,-5.739967359583234,-5.739967359583234,0.0,0.0,0.0,145.67925480471993
2023-05-15,151.41537976037733,127.88069256805812,158.1973881144647,151.41537976037733,151.41537976037733,-8.679865651500608,-8.679865651500608,-8.679865651500608,-8.679865651500608,-8.679865651500608,-8.679865651500608,0.0,0.0,0.0,142.7355141088767
2023-05-22,151.4115373564515,130.02684249817577,161.2812083319927,151.4115373564515,151.4115373564515,-5.069004697828138,-5.069004697828138,-5.069004697828138,-5.069004697828138,-5.069004697828138,-5.069004697828138,0.0,0.0,0.0,146.34253265862336
2023-05-29,151.40769495252565,138.31272496254778,169.72381801383267,151.40769495252565,151.40769495252565,2.0084570238519444,2.0084570238519444,2.0084570238519444,2.0084570238519444,2.0084570238519444,2.0084570238519444,0.0,0.0,0.0,153.4161519763776
2023-06-05,151.40385254859982,142.40542013616198,172.05152488093506,151.40385254859982,151.40385254859982,5.967303846799107,5.967303846799107,5.967303846799107,5.967303846799107,5.967303846799107,5.967303846799107,0.0,0.0,0.0,157.3711563953989
2023-06-12,151.40001014467398,140.1307563268721,171.2238375103152,151.40001014467398,151.40001014467398,3.8366893680406235,3.8366893680406235,3.8366893680406235,3.8366893680406235,3.8366893680406235,3.8366893680406235,0.0,0.0,0.0,155.2366995127146
2023-06-19,151.39616774074813,134.36729044357605,165.2655451245881,151.39616774074813,151.39616774074813,-0.9244701453809633,-0.9244701453809633,-0.9244701453809633,-0.9244701453809633,-0.9244701453809633,-0.9244701453809633,0.0,0.0,0.0,150.47169759536717
2023-06-26,151.3923253368223,133.42937783388058,164.58705740631876,151.3923253368223,151.3923253368223,-2.887099325030075,-2.887099325030075,-2.887099325030075,-2.887099325030075,-2.887099325030075,-2.887099325030075,0.0,0.0,0.0,148.50522601179222
2023-07-03,151.38848293289647,136.19114156490164,166.99687199314164,151.38848293289647,151.38848293289647,-0.8419257839664266,-0.8419257839664266,-0.8419257839664266,-0.8419257839664266,-0.8419257839664266,-0.8419257839664266,0.0,0.0,0.0,150.54655714893005
2023-07-10,151.3846405289706,137.48549211918194,168.3993431432116,151.3846405289706,151.3846405289706,1.5166072534720427,1.5166072534720427,1.5166072534720427,1.5166072534720427,1.5166072534720427,1.5166072534720427,0.0,0.0,0.0,152.90124778244265
2023-07-17,151.38079812542014,136.61609916261557,166.75777804878302,151.38079812542014,151.38079812542014,0.7233784025626437,0.7233784025626437,0.7233784025626437,0.7233784025626437,0.7233784025626437,0.7233784025626437,0.0,0.0,0.0,152.1041765279828
2023-07-24,151.37695572186965,135.50787122493188,164.02559206809448,151.37695572186965,151.37695572186965,-2.1244588312568817,-2.1244588312568817,-2.1244588312568817,-2.1244588312568817,-2.1244588312568817,-2.1244588312568817,0.0,0.0,0.0,149.25249689061278
2023-07-31,151.37311331831916,133.14358448161224,162.52979345540385,151.37311331831916,151.37311331831916,-3.049588583814088,-3.049588583814088,-3.049588583814088,-3.049588583814088,-3.049588583814088,-3.049588583814088,0.0,0.0,0.0,148.32352473450507
2023-08-07,151.36927091476866,135.18063533853493,165.40075615223282,151.36927091476866,151.36927091476866,-0.44089982978508335,-0.44089982978508335,-0.44089982978508335,-0.44089982978508335,-0.44089982978508335,-0.44089982978508335,0.0,0.0,0.0,150.92837108498358
2023-08-14,151.3654285112182,138.13703524438296,169.4922179984523,151.3654285112182,151.3654285112182,2.8864360694686955,2.8864360694686955,2.8864360694686955,2.8864360694686955,2.8864360694686955,2.8864360694686955,0.0,0.0,0.0,154.25186458068688
2023-08-21,151.36158610766768,138.78594773841016,169.95324238623593,151.36158610766768,151.36158610766768,3.334933753957054,3.334933753957054,3.334933753957054,3.334933753957054,3.334933753957054,3.334933753957054,0.0,0.0,0.0,154.69651986162472
2023-08-28,151.3577437041172,136.2416125952057,166.3924208420554,151.3577437041172,151.3577437041172,1.1405676764498018,1.1405676764498018,1.1405676764498018,1.1405676764498018,1.1405676764498018,1.1405676764498018,0.0,0.0,0.0,152.498311380567
2023-09-04,151.3539013005667,135.57631897417417,167.14640862427777,151.3539013005667,151.3539013005667,0.05426503763056978,0.05426503763056978,0.05426503763056978,0.05426503763056978,0.05426503763056978,0.05426503763056978,0.0,0.0,0.0,151.40816633819725
2023-09-11,151.35005889701623,138.3131528904624,168.84515057952188,151.35005889701623,151.35005889701623,2.4275422483985287,2.4275422483985287,2.4275422483985287,2.4275422483985287,2.4275422483985287,2.4275422483985287,0.0,0.0,0.0,153.77760114541476
2023-09-18,151.34621649531155,141.83179596598433,172.84005142380684,151.34621649531155,151.34621649531155,5.828097907708411,5.828097907708411,5.828097907708411,5.828097907708411,5.828097907708411,5.828097907708411,0.0,0.0,0.0,157.17431440301996
2023-09-25,151.3423740936069,140.87952751749984,171.43863019468932,151.3423740936069,151.3423740936069,5.489641967607712,5.489641967607712,5.489641967607712,5.489641967607712,5.489641967607712,5.489641967607712,0.0,0.0,0.0,156.83201606121463
2023-10-02,151.33853169190226,135.44486985922578,166.17505005056464,151.33853169190226,151.33853169190226,-0.18299406192074322,-0.18299406192074322,-0.18299406192074322,-0.18299406192074322,-0.18299406192074322,-0.18299406192074322,0.0,0.0,0.0,151.15553762998152
2023-10-09,151.3346892901976,129.10258846477473,157.9258306783744,151.3346892901976,151.3346892901976,-7.47873567896487,-7.47873567896487,-7.47873567896487,-7.47873567896487,-7.47873567896487,-7.47873567896487,0.0,0.0,0.0,143.8559536112327
2023-10-16,151.33084688849294,125.09613584205275,155.1990983871842,151.33084688849294,151.33084688849294,-10.996580052645582,-10.996580052645582,-10.996580052645582,-10.996580052645582,-10.996580052645582,-10.996580052645582,0.0,0.0,0.0,140.33426683584736
2023-10-23,151.3270044867883,127.44240801471574,158.39635777316812,151.3270044867883,151.3270044867883,-8.792663955245287,-8.792663955245287,-8.792663955245287,-8.792663955245287,-8.792663955245287,-8.792663955245287,0.0,0.0,0.0,142.53434053154302
2023-10-30,151.32316208508365,132.4773969934688,161.97525070833305,151.32316208508365,151.32316208508365,-3.5272361682613473,-3.5272361682613473,-3.5272361682613473,-3.5272361682613473,-3.5272361682613473,-3.5272361682613473,0.0,0.0,0.0,147.7959259168223
2023-11-06,151.31931968337898,136.27418953874604,167.61460906521089,151.31931968337898,151.31931968337898,0.9094520498562398,0.9094520498562398,0.9094520498562398,0.9094520498562398,0.9094520498562398,0.9094520498562398,0.0,0.0,0.0,152.22877173323522
2023-11-13,151.31547728167433,139.53520516827416,168.40900589088236,151.31547728167433,151.31547728167433,2.9342812888413787,2.9342812888413787,2.9342812888413787,2.9342812888413787,2.9342812888413787,2.9342812888413787,0.0,0.0,0.0,154.24975857051572
2023-11-20,151.31163485883354,139.76708656295554,169.99813394045916,151.31163485883354,151.31163485883354,3.40979705509015,3.40979705509015,3.40979705509015,3.40979705509015,3.40979705509015,3.40979705509015,0.0,0.0,0.0,154.72143191392368
2023-11-27,151.30779243599272,138.57479129357807,170.16192704910674,151.30779243599272,151.30779243599272,3.432738459814961,3.432738459814961,3.432738459814961,3.432738459814961,3.432738459814961,3.432738459814961,0.0,0.0,0.0,154.7405308958077
2023-12-04,151.30395001315193,138.11968049072166,170.01262817484863,151.30395001315193,151.30395001315193,3.137751494949004,3.137751494949004,3.137751494949004,3.137751494949004,3.137751494949004,3.137751494949004,0.0,0.0,0.0,154.44170150810095
2023-12-11,151.30010759031114,139.17894589234837,169.44758056148308,151.30010759031114,151.30010759031114,2.564200298014066,2.564200298014066,2.564200298014066,2.564200298014066,2.564200298014066,2.564200298014066,0.0,0.0,0.0,153.86430788832521
2023-12-18,151.29626516747035,138.05266675077493,168.4605122175663,151.29626516747035,151.29626516747035,2.514355024534944,2.514355024534944,2.514355024534944,2.514355024534944,2.514355024534944,2.514355024534944,0.0,0.0,0.0,153.8106201920053
2023-12-25,151.29242274462956,139.96616309357384,169.69135344039816,151.29242274462956,151.29242274462956,3.7095587364708775,3.7095587364708775,3.7095587364708775,3.7095587364708775,3.7095587364708775,3.7095587364708775,0.0,0.0,0.0,155.00198148110044
2024-01-01,151.28858032178877,142.70109274873914,171.86717767137313,151.28858032178877,151.28858032178877,5.46662783980701,5.46662783980701,5.46662783980701,5.46662783980701,5.46662783980701,5.46662783980701,0.0,0.0,0.0,156.7552081615958
2024-01-08,151.28473789894798,142.1308533323935,172.0950377506313,151.28473789894798,151.28473789894798,6.115653088812346,6.115653088812346,6.115653088812346,6.115653088812346,6.115653088812346,6.115653088812346,0.0,0.0,0.0,157.40039098776032
2024-01-15,151.28089545577527,140.2887763689963,170.51467076063068,151.28089545577527,151.28089545577527,4.936137062020471,4.936137062020471,4.936137062020471,4.936137062020471,4.936137062020471,4.936137062020471,0.0,0.0,0.0,156.21703251779573
2024-01-22,151.27705301260255,138.2205776707323,168.45194476073146,151.27705301260255,151.27705301260255,3.0239258024433626,3.0239258024433626,3.0239258024433626,3.0239258024433626,3.0239258024433626,3.0239258024433626,0.0,0.0,0.0,154.3009788150459
2024-01-29,151.27321056942986,137.54034882992616,169.3052566040881,151.27321056942986,151.27321056942986,1.7708175528316021,1.7708175528316021,1.7708175528316021,1.7708175528316021,1.7708175528316021,1.7708175528316021,0.0,0.0,0.0,153.04402812226147
2024-02-05,151.26936812625715,135.70843226213114,167.3101540061792,151.26936812625715,151.26936812625715,0.9815117006692464,0.9815117006692464,0.9815117006692464,0.9815117006692464,0.9815117006692464,0.9815117006692464,0.0,0.0,0.0,152.2508798269264
2024-02-12,151.26552568308443,135.98431533985735,165.36991312718888,151.26552568308443,151.26552568308443,-0.6434563877120967,-0.6434563877120967,-0.6434563877120967,-0.6434563877120967,-0.6434563877120967,-0.6434563877120967,0.0,0.0,0.0,150.62206929537234
2024-02-19,151.26168323991175,132.08530686444274,163.64552863379703,151.26168323991175,151.26168323991175,-3.1571496286612515,-3.1571496286612515,-3.1571496286612515,-3.1571496286612515,-3.1571496286612515,-3.1571496286612515,0.0,0.0,0.0,148.1045336112505
2024-02-26,151.25784079673903,131.28687228647829,161.07465033133053,151.25784079673903,151.25784079673903,-4.531113850562789,-4.531113850562789,-4.531113850562789,-4.531113850562789,-4.531113850562789,-4.531113850562789,0.0,0.0,0.0,146.72672694617626
2024-03-04,151.25399835356632,132.62433117701295,163.9412676495386,151.25399835356632,151.25399835356632,-3.0148302504102236,-3.0148302504102236,-3.0148302504102236,-3.0148302504102236,-3.0148302504102236,-3.0148302504102236,0.0,0.0,0.0,148.2391681031561
2024-03-11,151.25015591039363,136.65734594260812,166.12058688544403,151.25015591039363,151.25015591039363,0.08979051868621052,0.08979051868621052,0.08979051868621052,0.08979051868621052,0.08979051868621052,0.08979051868621052,0.0,0.0,0.0,151.33994642907984
2024-03-18,151.24631345511614,136.34369987358107,167.4158371143396,151.24631345511614,151.24631345511614,1.2316015573223678,1.2316015573223678,1.2316015573223678,1.2316015573223678,1.2316015573223678,1.2316015573223678,0.0,0.0,0.0,152.4779150124385
2024-03-25,151.24247099983864,134.72000562631436,165.25375239439512,151.24247099983864,151.24247099983864,-1.280528959174548,-1.280528959174548,-1.280528959174548,-1.280528959174548,-1.280528959174548,-1.280528959174548,0.0,0.0,0.0,149.9619420406641
2024-04-01,151.23862854456115,131.08994320427504,161.11875761152882,151.23862854456115,151.23862854456115,-4.777777407328886,-4.777777407328886,-4.777777407328886,-4.777777407328886,-4.777777407328886,-4.777777407328886,0.0,0.0,0.0,146.46085113723225
2024-04-08,151.23478608928366,131.30685200762662,161.5521385827329,151.23478608928366,151.23478608928366,-4.962652618887483,-4.962652618887483,-4.962652618887483,-4.962652618887483,-4.962652618887483,-4.962652618887483,0.0,0.0,0.0,146.27213347039617
2024-04-15,151.23094363400617,134.32897179808418,165.73997260258938,151.23094363400617,151.23094363400617,-1.1539415027962727,-1.1539415027962727,-1.1539415027962727,-1.1539415027962727,-1.1539415027962727,-1.1539415027962727,0.0,0.0,0.0,150.0770021312099
2024-04-22,151.22710117872867,138.03718259382416,169.13064892327904,151.22710117872867,151.22710117872867,2.3267286428901364,2.3267286428901364,2.3267286428901364,2.3267286428901364,2.3267286428901364,2.3267286428901364,0.0,0.0,0.0,153.55382982161882
2024-04-29,151.22325872345118,137.3554690991883,167.40008618876112,151.22325872345118,151.22325872345118,0.8793206751379705,0.8793206751379705,0.8793206751379705,0.8793206751379705,0.8793206751379705,0.8793206751379705,0.0,0.0,0.0,152.10257939858914
2024-05-06,151.2194162681737,131.48378023364143,161.45331465910226,151.2194162681737,151.2194162681737,-4.725918023163926,-4.725918023163926,-4.725918023163926,-4.725918023163926,-4.725918023163926,-4.725918023163926,0.0,0.0,0.0,146.49349824500976
2024-05-13,151.2155738128962,127.19601556173299,157.5850430287093,151.2155738128962,151.2155738128962,-8.61224471312697,-8.61224471312697,-8.61224471312697,-8.61224471312697,-8.61224471312697,-8.61224471312697,0.0,0.0,0.0,142.6033290997692
2024-05-20,151.2117313576187,130.1706211108131,159.92017651345836,151.2117313576187,151.2117313576187,-6.141567671965102,-6.141567671965102,-6.141567671965102,-6.141567671965102,-6.141567671965102,-6.141567671965102,0.0,0.0,0.0,145.0701636856536
2024-05-27,151.2078889023412,136.75043572539607,167.65243275703324,151.2078889023412,151.2078889023412,0.7925378784841944,0.7925378784841944,0.7925378784841944,0.7925378784841944,0.7925378784841944,0.7925378784841944,0.0,0.0,0.0,152.0004267808254
2024-06-03,151.20404644706372,141.82593805395638,172.20967301772467,151.20404644706372,151.20404644706372,5.711135459077623,5.711135459077623,5.711135459077623,5.711135459077623,5.711135459077623,5.711135459077623,0.0,0.0,0.0,156.91518190614133
2024-06-10,151.20020399178622,139.21909922597865,171.29837003596398,151.20020399178622,151.20020399178622,4.576381941327593,4.576381941327593,4.576381941327593,4.576381941327593,4.576381941327593,4.576381941327593,0.0,0.0,0.0,155.7765859331138
2024-06-17,151.19636153650873,136.04173707179666,166.7931641418478,151.19636153650873,151.19636153650873,-0.1514175757853281,-0.1514175757853281,-0.1514175757853281,-0.1514175757853281,-0.1514175757853281,-0.1514175757853281,0.0,0.0,0.0,151.0449439607234
2024-06-24,151.19251908123124,134.17320620280702,163.58670190722623,151.19251908123124,151.19251908123124,-2.8769902534565155,-2.8769902534565155,-2.8769902534565155,-2.8769902534565155,-2.8769902534565155,-2.8769902534565155,0.0,0.0,0.0,148.31552882777473
2024-07-01,151.18867662595375,134.24817285866845,165.0503491793157,151.18867662595375,151.18867662595375,-1.3707705734296547,-1.3707705734296547,-1.3707705734296547,-1.3707705734296547,-1.3707705734296547,-1.3707705734296547,0.0,0.0,0.0,149.81790605252408
2024-07-08,151.18483417067625,137.69054610572317,166.2074815705729,151.18483417067625,151.18483417067625,1.2755369354964263,1.2755369354964263,1.2755369354964263,1.2755369354964263,1.2755369354964263,1.2755369354964263,0.0,0.0,0.0,152.4603711061727
2024-07-15,151.18099171539876,137.29692757160151,167.81327749058426,151.18099171539876,151.18099171539876,1.11204705244183,1.11204705244183,1.11204705244183,1.11204705244183,1.11204705244183,1.11204705244183,0.0,0.0,0.0,152.29303876784059
2024-07-22,151.17714926012127,134.53151935745356,165.1796135794115,151.17714926012127,151.17714926012127,-1.6439686768829322,-1.6439686768829322,-1.6439686768829322,-1.6439686768829322,-1.6439686768829322,-1.6439686768829322,0.0,0.0,0.0,149.53318058323833
2024-07-29,151.17330680484378,131.97072989396315,163.1308413981012,151.17330680484378,151.17330680484378,-3.160469735693897,-3.160469735693897,-3.160469735693897,-3.160469735693897,-3.160469735693897,-3.160469735693897,0.0,0.0,0.0,148.01283706914987
2024-08-05,151.16946434956628,134.13528412551395,165.5650564015669,151.16946434956628,151.16946434956628,-1.083278734699066,-1.083278734699066,-1.083278734699066,-1.083278734699066,-1.083278734699066,-1.083278734699066,0.0,0.0,0.0,150.08618561486722
2024-08-12,151.16562189428882,138.02461342753875,168.2371984075816,151.16562189428882,151.16562189428882,2.4320048288508396,2.4320048288508396,2.4320048288508396,2.4320048288508396,2.4320048288508396,2.4320048288508396,0.0,0.0,0.0,153.59762672313965
2024-08-19,151.16177943901133,139.25167544690095,170.74180726851603,151.16177943901133,151.16177943901133,3.5210494329570574,3.5210494329570574,3.5210494329570574,3.5210494329570574,3.5210494329570574,3.5210494329570574,0.0,0.0,0.0,154.68282887196838
2024-08-26,151.15793698373383,136.69123646889426,166.8557812143287,151.15793698373383,151.15793698373383,1.5737018873250739,1.5737018873250739,1.5737018873250739,1.5737018873250739,1.5737018873250739,1.5737018873250739,0.0,0.0,0.0,152.73163887105892
2024-09-02,151.15409452845634,135.4767154178263,165.8834712798683,151.15409452845634,151.15409452845634,0.004669370486572212,0.004669370486572212,0.004669370486572212,0.004669370486572212,0.004669370486572212,0.004669370486572212,0.0,0.0,0.0,151.1587638989429
2024-09-09,151.15025207317885,137.62405083352272,167.62881598575254,151.15025207317885,151.15025207317885,1.7978793326589284,1.7978793326589284,1.7978793326589284,1.7978793326589284,1.7978793326589284,1.7978793326589284,0.0,0.0,0.0,152.94813140583778
2024-09-16,151.14640961790136,142.69446886451755,172.41431042200563,151.14640961790136,151.14640961790136,5.369524835984044,5.369524835984044,5.369524835984044,5.369524835984044,5.369524835984044,5.369524835984044,0.0,0.0,0.0,156.5159344538854
2024-09-23,151.14256716262386,141.08247892671588,171.3892029774314,151.14256716262386,151.14256716262386,5.969664408545581,5.969664408545581,5.969664408545581,5.969664408545581,5.969664408545581,5.969664408545581,0.0,0.0,0.0,157.11223157116945
2024-09-30,151.13872470734637,138.2490548784003,167.74078316363418,151.13872470734637,151.13872470734637,1.1110071350717807,1.1110071350717807,1.1110071350717807,1.1110071350717807,1.1110071350717807,1.1110071350717807,0.0,0.0,0.0,152.24973184241816
2024-10-07,151.13488225206888,130.23150129901194,160.5684676621033,151.13488225206888,151.13488225206888,-6.319091576855893,-6.319091576855893,-6.319091576855893,-6.319091576855893,-6.319091576855893,-6.319091576855893,0.0,0.0,0.0,144.81579067521298
2024-10-14,151.13103979679138,125.0955699713544,155.8894487900561,151.13103979679138,151.13103979679138,-10.801368393137668,-10.801368393137668,-10.801368393137668,-10.801368393137668,-10.801368393137668,-10.801368393137668,0.0,0.0,0.0,140.32967140365372
2024-10-21,151.1271973415139,125.61852083446277,156.36596360937477,151.1271973415139,151.1271973415139,-9.529927878613616,-9.529927878613616,-9.529927878613616,-9.529927878613616,-9.529927878613616,-9.529927878613616,0.0,0.0,0.0,141.59726946290027
2024-10-28,151.1233548862364,132.33794917536656,161.5111618182442,151.1233548862364,151.1233548862364,-4.501521140447265,-4.501521140447265,-4.501521140447265,-4.501521140447265,-4.501521140447265,-4.501521140447265,0.0,0.0,0.0,146.62183374578913
2024-11-04,151.1195124309589,136.58018996834153,165.22194241878216,151.1195124309589,151.1195124309589,0.29007650862039364,0.29007650862039364,0.29007650862039364,0.29007650862039364,0.29007650862039364,0.29007650862039364,0.0,0.0,0.0,151.4095889395793
2024-11-11,151.1156699756814,138.79839145891302,169.19425307299974,151.1156699756814,151.1156699756814,2.727975612803298,2.727975612803298,2.727975612803298,2.727975612803298,2.727975612803298,2.727975612803298,0.0,0.0,0.0,153.84364558848472
2024-11-18,151.11182752040392,138.77153621651146,169.65360415376313,151.11182752040392,151.11182752040392,3.3772424210653433,3.3772424210653433,3.3772424210653433,3.3772424210653433,3.3772424210653433,3.3772424210653433,0.0,0.0,0.0,154.48906994146927
2024-11-25,151.10798506512643,138.8865310440757,170.50106697424346,151.10798506512643,151.10798506512643,3.4461296847464085,3.4461296847464085,3.4461296847464085,3.4461296847464085,3.4461296847464085,3.4461296847464085,0.0,0.0,0.0,154.55411474987284
2024-12-02,151.10414260984894,138.19807509778823,169.76559069108671,151.10414260984894,151.10414260984894,3.221171031916705,3.221171031916705,3.221171031916705,3.221171031916705,3.221171031916705,3.221171031916705,0.0,0.0,0.0,154.32531364176563
2024-12-09,151.10030015457144,140.05209241007134,169.23961338697725,151.10030015457144,151.10030015457144,2.6595329291383543,2.6595329291383543,2.6595329291383543,2.6595329291383543,2.6595329291383543,2.6595329291383543,0.0,0.0,0.0,153.7598330837098
2024-12-16,151.09645769929395,138.11168494979648,169.47010573467327,151.09645769929395,151.09645769929395,2.4391802452825275,2.4391802452825275,2.4391802452825275,2.4391802452825275,2.4391802452825275,2.4391802452825275,0.0,0.0,0.0,153.53563794457648
2024-12-23,151.09261524401649,138.75952360884068,169.07706879780275,151.09261524401649,151.09261524401649,3.4134622647511437,3.4134622647511437,3.4134622647511437,3.4134622647511437,3.4134622647511437,3.4134622647511437,0.0,0.0,0.0,154.50607750876762
2024-12-30,151.088772788739,139.8074828644307,170.89461905221242,151.088772788739,151.088772788739,5.186701739620517,5.186701739620517,5.186701739620517,5.186701739620517,5.186701739620517,5.186701739620517,0.0,0.0,0.0,156.2754745283595
2025-01-06,151.0849303334615,143.06951687526723,171.60949017457804,151.0849303334615,151.0849303334615,6.138787209891989,6.138787209891989,6.138787209891989,6.138787209891989,6.138787209891989,6.138787209891989,0.0,0.0,0.0,157.2237175433535
2025-01-13,151.081087878184,141.53140745638936,171.3128160438926,151.081087878184,151.081087878184,5.249789486187711,5.249789486187711,5.249789486187711,5.249789486187711,5.249789486187711,5.249789486187711,0.0,0.0,0.0,156.33087736437173
2025-01-20,151.07724542290651,139.1107858797858,169.62929740251545,151.07724542290651,151.07724542290651,3.3429550300040924,3.3429550300040924,3.3429550300040924,3.3429550300040924,3.3429550300040924,3.3429550300040924,0.0,0.0,0.0,154.42020045291062
2025-01-27,151.07340296762902,136.6294674930559,169.2986630866036,151.07340296762902,151.07340296762902,1.9294835971167097,1.9294835971167097,1.9294835971167097,1.9294835971167097,1.9294835971167097,1.9294835971167097,0.0,0.0,0.0,153.00288656474572
2025-02-03,151.06956051235153,138.0202187992547,168.02186600358826,151.06956051235153,151.06956051235153,1.148696110020551,1.148696110020551,1.148696110020551,1.148696110020551,1.148696110020551,1.148696110020551,0.0,0.0,0.0,152.21825662237208
2025-02-10,151.06571805707404,136.57174305656156,167.19389340499643,151.06571805707404,151.06571805707404,-0.2579634703139245,-0.2579634703139245,-0.2579634703139245,-0.2579634703139245,-0.2579634703139245,-0.2579634703139245,0.0,0.0,0.0,150.80775458676013
2025-02-17,151.06187560179654,134.01126717143006,164.1927440852163,151.06187560179654,151.06187560179654,-2.71671496927993,-2.71671496927993,-2.71671496927993,-2.71671496927993,-2.71671496927993,-2.71671496927993,0.0,0.0,0.0,148.3451606325166
2025-02-24,151.05803314651905,132.38948913413853,161.30907145152923,151.05803314651905,151.05803314651905,-4.477507443913105,-4.477507443913105,-4.477507443913105,-4.477507443913105,-4.477507443913105,-4.477507443913105,0.0,0.0,0.0,146.58052570260594
2025-03-03,151.05419069124156,132.24413822750944,162.32033965159846,151.05419069124156,151.05419069124156,-3.486583788577404,-3.486583788577404,-3.486583788577404,-3.486583788577404,-3.486583788577404,-3.486583788577404,0.0,0.0,0.0,147.56760690266415
2025-03-10,151.05034823596407,136.4914337913191,166.3563641340442,151.05034823596407,151.05034823596407,-0.42507924499831007,-0.42507924499831007,-0.42507924499831007,-0.42507924499831007,-0.42507924499831007,-0.42507924499831007,0.0,0.0,0.0,150.62526899096576
2025-03-17,151.04650578068657,137.57530352131073,168.44091062199695,151.04650578068657,151.04650578068657,1.302649823065194,1.302649823065194,1.302649823065194,1.302649823065194,1.302649823065194,1.302649823065194,0.0,0.0,0.0,152.34915560375177
2025-03-24,151.04266332540908,135.52643692047752,166.46578565641207,151.04266332540908,151.04266332540908,-0.631701815499057,-0.631701815499057,-0.631701815499057,-0.631701815499057,-0.631701815499057,-0.631701815499057,0.0,0.0,0.0,150.41096150991
2025-03-31,151.0388208701316,131.00043203932077,162.62666320854873,151.0388208701316,151.0388208701316,-4.2926914815839785,-4.2926914815839785,-4.2926914815839785,-4.2926914815839785,-4.2926914815839785,-4.2926914815839785,0.0,0.0,0.0,146.74612938854762
2025-04-01,151.0382719479491,130.99797886324757,161.96325685556948,151.0382719479491,151.0382719479491,-4.689406206189663,-4.689406206189663,-4.689406206189663,-4.689406206189663,-4.689406206189663,-4.689406206189663,0.0,0.0,0.0,146.34886574175945
2025-04-02,151.0377230257666,130.68246882168327,161.85988125375766,151.0377230257666,151.0377230257666,-5.0141925014029844,-5.0141925014029844,-5.0141925014029844,-5.0141925014029844,-5.0141925014029844,-5.0141925014029844,0.0,0.0,0.0,146.02353052436362
2025-04-03,151.0371741035841,129.60469914473097,160.35525240982847,151.0371741035841,151.0371741035841,-5.256838267889338,-5.256838267889338,-5.256838267889338,-5.256838267889338,-5.256838267889338,-5.256838267889338,0.0,0.0,0.0,145.78033583569476
2025-04-04,151.0366251814016,129.77853845941243,159.87712186602255,151.0366251814016,151.0366251814016,-5.409191744857023,-5.409191744857023,-5.409191744857023,-5.409191744857023,-5.409191744857023,-5.409191744857023,0.0,0.0,0.0,145.62743343654458
2025-04-05,151.0360762592191,130.3606543559319,161.20603851126475,151.0360762592191,151.0360762592191,-5.465424081470398,-5.465424081470398,-5.465424081470398,-5.465424081470398,-5.465424081470398,-5.465424081470398,0.0,0.0,0.0,145.5706521777487
2025-04-06,151.03552733703663,130.035645424191,161.4282744242736,151.03552733703663,151.03552733703663,-5.422232882791655,-5.422232882791655,-5.422232882791655,-5.422232882791655,-5.422232882791655,-5.422232882791655,0.0,0.0,0.0,145.61329445424496
2025-04-07,151.03497841485412,131.49866599581316,161.62978371678685,151.03497841485412,151.03497841485412,-5.278980120765472,-5.278980120765472,-5.278980120765472,-5.278980120765472,-5.278980120765472,-5.278980120765472,0.0,0.0,0.0,145.75599829408864
2025-04-08,151.03442949267162,130.62697576809353,160.58457738329776,151.03442949267162,151.03442949267162,-5.037759522532724,-5.037759522532724,-5.037759522532724,-5.037759522532724,-5.037759522532724,-5.037759522532724,0.0,0.0,0.0,145.9966699701389
2025-04-09,151.03388057048912,130.85639665104736,161.84373727035796,151.03388057048912,151.03388057048912,-4.703390430776319,-4.703390430776319,-4.703390430776319,-4.703390430776319,-4.703390430776319,-4.703390430776319,0.0,0.0,0.0,146.3304901397128
2025-04-10,151.0333316483066,131.4702911974542,162.409564791279,151.0333316483066,151.0333316483066,-4.283337122898904,-4.283337122898904,-4.283337122898904,-4.283337122898904,-4.283337122898904,-4.283337122898904,0.0,0.0,0.0,146.74999452540771
2025-04-11,151.0327827261241,132.97420968155447,163.03594863570703,151.0327827261241,151.0327827261241,-3.7875546229113874,-3.7875546229113874,-3.7875546229113874,-3.7875546229113874,-3.7875546229113874,-3.7875546229113874,0.0,0.0,0.0,147.24522810321272
2025-04-12,151.0322338039416,132.1029466282699,163.74874747897937,151.0322338039416,151.0322338039416,-3.228264085252325,-3.228264085252325,-3.228264085252325,-3.228264085252325,-3.228264085252325,-3.228264085252325,0.0,0.0,0.0,147.80396971868927
2025-04-13,151.03168488175913,132.98719893147708,163.21533346126725,151.03168488175913,151.03168488175913,-2.6196628156740003,-2.6196628156740003,-2.6196628156740003,-2.6196628156740003,-2.6196628156740003,-2.6196628156740003,0.0,0.0,0.0,148.41202206608514
2025-04-14,151.03113595957663,133.77474190547682,163.42256970409665,151.03113595957663,151.03113595957663,-1.9775758648665425,-1.9775758648665425,-1.9775758648665425,-1.9775758648665425,-1.9775758648665425,-1.9775758648665425,0.0,0.0,0.0,149.0535600947101
2025-04-15,151.03058703739413,133.66458259406286,164.11396237845352,151.03058703739413,151.03058703739413,-1.319057831570745,-1.319057831570745,-1.319057831570745,-1.319057831570745,-1.319057831570745,-1.319057831570745,0.0,0.0,0.0,149.71152920582338
2025-04-16,151.03003811521162,136.3135469833173,165.2969884214882,151.0300380467107,151.03003811521162,-0.6619549943992756,-0.6619549943992756,-0.6619549943992756,-0.6619549943992756,-0.6619549943992756,-0.6619549943992756,0.0,0.0,0.0,150.36808312081234
2025-04-17,151.02948919302912,135.85851356165645,166.78612054235967,151.02948906322626,151.02948919333247,-0.024439111526278916,-0.024439111526278916,-0.024439111526278916,-0.024439111526278916,-0.024439111526278916,-0.024439111526278916,0.0,0.0,0.0,151.00505008150284
2025-04-18,151.02894027084665,136.291574713865,167.51708621658213,151.02893968766142,151.02894049531727,0.5754748520180323,0.5754748520180323,0.5754748520180323,0.5754748520180323,0.5754748520180323,0.5754748520180323,0.0,0.0,0.0,151.60441512286468
2025-04-19,151.02839134866412,137.52258733098952,166.92382846507306,151.0283904217328,151.0283916963994,1.1204142173139284,1.1204142173139284,1.1204142173139284,1.1204142173139284,1.1204142173139284,1.1204142173139284,0.0,0.0,0.0,152.14880556597805
2025-04-20,151.02784242648164,137.78313344578558,168.09615393194684,151.02784091713906,151.0278429373489,1.5941242081429008,1.5941242081429008,1.5941242081429008,1.5941242081429008,1.5941242081429008,1.5941242081429008,0.0,0.0,0.0,152.62196663462453
2025-04-21,151.02729350429914,137.62475060058978,168.6423848032767,151.02729168611495,151.02729442321072,1.9819207083930885,1.9819207083930885,1.9819207083930885,1.9819207083930885,1.9819207083930885,1.9819207083930885,0.0,0.0,0.0,153.00921421269223
2025-04-22,151.02674458211663,137.36111008162334,168.30293786400972,151.02674223087618,151.02674578214493,2.2711076498847977,2.2711076498847977,2.2711076498847977,2.2711076498847977,2.2711076498847977,2.2711076498847977,0.0,0.0,0.0,153.29785223200145
2025-04-23,151.02619565993413,137.9624946133032,169.4312624580107,151.02619264792975,151.02619706447877,2.451347341491818,2.451347341491818,2.451347341491818,2.451347341491818,2.451347341491818,2.451347341491818,0.0,0.0,0.0,153.47754300142594
2025-04-24,151.02564673775163,137.8890071003802,168.64678885360334,151.02564272753878,151.02564848705276,2.5149732010576984,2.5149732010576984,2.5149732010576984,2.5149732010576984,2.5149732010576984,2.5149732010576984,0.0,0.0,0.0,153.54061993880933
2025-04-25,151.02509781556915,138.53725874147204,167.9604059687602,151.0250934020959,151.02510041792473,2.457235802662943,2.457235802662943,2.457235802662943,2.457235802662943,2.457235802662943,2.457235802662943,0.0,0.0,0.0,153.4823336182321
2025-04-26,151.02454889338662,138.12392392296812,168.10632862394323,151.02454378281124,151.02455210354162,2.276474865761243,2.276474865761243,2.276474865761243,2.276474865761243,2.276474865761243,2.276474865761243,0.0,0.0,0.0,153.30102375914785
2025-04-27,151.02399997120415,138.0536117059064,168.11723311089344,151.0239945527018,151.0240038654628,1.9742117444026004,1.9742117444026004,1.9742117444026004,1.9742117444026004,1.9742117444026004,1.9742117444026004,0.0,0.0,0.0,152.99821171560674
2025-04-28,151.02345104902165,138.1167263497579,168.37158415362074,151.02344522745338,151.02345557127967,1.5551590725759066,1.5551590725759066,1.5551590725759066,1.5551590725759066,1.5551590725759066,1.5551590725759066,0.0,0.0,0.0,152.57861012159756
2025-04-29,151.02290212683914,136.8369023662786,167.62688058479543,151.02289512046332,151.02290714424797,1.0271464291697492,1.0271464291697492,1.0271464291697492,1.0271464291697492,1.0271464291697492,1.0271464291697492,0.0,0.0,0.0,152.0500485560089
2025-04-30,151.02235320465664,136.42150337885673,167.33320403913842,151.0223455944538,151.0223588910932,0.40096314293024377,0.40096314293024377,0.40096314293024377,0.40096314293024377,0.40096314293024377,0.40096314293024377,0.0,0.0,0.0,151.42331634758688
